amino_acid,code_1letter,"code_standard ",code_reduced,code_oxydized,caode_neutral,code_deprotonated,code_protonated,code_selenium,"maxasa_tien_empirical ","maxasa_tien_theoretical ",maxasa_miller,maxasa_rose,maxasa_lins,maxasa_samanta_gly,maxasa_samanta_ala,maxasa_NACCESS,molecular_weight,volume,melting_point,pKa,pKb,pKc,pI,solubility,molar_volume,classe_hydropathy,classe_chemical,classe_physicochemical,charge,polarity,hydrogen_AD,hydropathy,relative_hydropathy_hessa,relative_hydropathy_pm1d,relative_hydropathy_uhs,relative_hydropathy_pm3d,relative_hydropathy_kyte,relative_hydropathy_eisenberg,relative_hydropathy_ges,relative_hydropathy_janin,relative_hydropathy_guy,relative_hydropathy_hopp,relative_hydropathy_wimley,relative_hydropathy_moon,relative_hydropathy_average
alanine,A,ALA,None,None,None,None,None,None,129,121,113,118.1,111,116.4,55.4,107.95,89.09,88.6,297,2.33,9.71,NaN,6,166.9,60.54,hydrophobic,aliphatic,aliphatic,neutral,nonpolar,None,1.8,-0.75,-0.75,-0.73,-0.66,-0.79,-0.64,-0.62,-0.6,0.18,-0.15,-0.01,-0.46,-0.5
arginine,R,ARG,None,None,None,None,None,None,274,265,241,256,250,249.26,190.24,238.76,174.2,173.4,244,2.03,9,12.1,10.76,182.6,127.42,hydrophilic,basic,basic,positive/neutral,polar,donor,-4.5,1.19,1.66,1.03,1.43,1.38,2.6,2.29,1.87,1.88,1.71,0.8,1.19,1.59
asparagine,N,ASN,None,None,None,None,None,None,195,187,158,165.5,166,168.87,109.92,143.94,132.12,114.1,235,2.16,8.73,NaN,5.41,25.1,78,hydrophilic,amide,amide,neutral,polar,donor/acceptor,-3.5,0.77,0.81,0.91,0.98,1.03,0.8,0.72,0.56,0.54,0.22,0.21,1.08,0.72
aspartate,D,ASP,ASH,None,None,None,None,None,193,187,151,158.7,160,155.37,97.8,140.39,133.1,111.1,270,1.95,9.66,3.71,2.77,5.04,74.8,hydrophilic,acidic,acidic,negative/neutral,polar,acceptor,-3.5,1.9,1.66,1.47,1.83,1.03,0.92,1.64,0.71,0.82,1.71,1.94,0.85,1.37
cysteine,C,CYS,CYH,CYX,None,CYM,None,SEC,167,148,140,146.1,157,141.48,82.07,134.28,121.16,108.5,240,1.91,10.28,8.14,5.07,NaN,73.45,hydrophobic,sulfur,sulfur,neutral,nonpolar,None,2.5,-0.94,-0.26,-0.31,-0.66,-1.03,-0.3,-0.71,-1.48,-1.25,-0.42,-0.33,-0.24,-0.66
glutamine,Q,GLN,None,None,None,None,None,None,225,214,189,193.2,187,189.17,129.68,178.5,146.14,143.8,185,2.18,9,NaN,5.65,42.5,NaN,hydrophilic,amide,amide,neutral,polar,donor/acceptor,-3.5,1.01,1.17,0.81,0.14,1.03,0.87,0.57,0.85,0.98,0.22,0.16,0.88,0.72
glutamate,E,GLU,GLH,None,None,None,None,None,223,214,183,186.2,194,187.16,132.53,172.25,147.13,138.4,160,2.16,9.58,4.15,3.22,8.6,89.85,hydrophilic,acidic,acidic,negative/neutral,polar,acceptor,-3.5,1.26,0.68,1.4,1.34,1.03,0.76,1.43,0.85,0.87,1.71,1.93,0.27,1.13
glycine,G,GLY,None,None,None,None,None,None,104,97,85,88.1,86,83.91,NaN,80.1,75.07,60.1,290,2.34,9.58,NaN,5.97,250.2,43.26,neutral,aliphatic,G,neutral,nonpolar,None,-0.4,-0.26,0.05,-0.82,0.36,-0.03,-0.49,-0.5,-0.6,0.4,0.11,0.39,0.3,-0.09
histidine,H,HIS,None,None,"HID HIE HSD HSE",None,"HIP HSP",None,224,216,194,202.5,191,198.51,141.27,182.88,155.15,153.2,287,1.7,9.09,6.04,7.59,43.5,98.3,neutral,basic,basic,positive/neutral,polar,donor/acceptor,-3.2,0.78,-0.08,0.61,0.27,0.93,0.41,0.34,-0.02,-0.38,-0.15,1.12,1.65,0.46
isoleucine,I,ILE,None,None,None,None,None,None,197,195,182,181,173,189.95,130.71,175.12,131.17,166.7,284,2.26,9.6,NaN,6.02,34.2,105.8,hydrophobic,aliphatic,aliphatic,neutral,nonpolar,None,4.5,-1.31,-1.24,-1.29,-1.28,-1.71,-1.42,-0.94,-1.19,-0.98,-0.84,-1.01,-1.15,-1.2
leucine,L,LEU,None,None,None,None,None,None,201,191,180,193.1,179,197.99,141.52,178.63,131.17,166.7,293,2.32,9.58,NaN,5.98,22,107.77,hydrophobic,aliphatic,aliphatic,neutral,nonpolar,None,3.8,-1.27,-1.24,-1.07,-1.6,-1.47,-1.09,-0.87,-0.9,-1.02,-0.84,-1.09,-1.26,-1.14
lysine,K,LYS,None,None,LYN,None,None,None,236,230,211,225.8,212,207.49,147.99,200.81,146.19,168.6,224,2.15,9.16,10.67,9.74,5.8,108.5,hydrophilic,basic,basic,positive/neutral,polar,donor,-3.9,1.29,1.44,1.89,1.07,1.17,1.54,1.56,2.45,1.4,1.71,1.42,1.93,1.57
methionine,M,MET,None,None,None,None,None,MSE,224,203,204,203.4,201,210.55,150.39,194.15,149.21,162.9,281,2.16,9.08,NaN,5.74,56,105.57,hydrophobic,sulfur,sulfur,neutral,nonpolar,None,1.9,-0.91,-1.15,-0.82,-0.84,-0.82,-0.66,-1,-0.75,-1.41,-0.58,-0.73,-0.79,-0.87
phenylalanine,F,PHE,None,None,None,None,None,None,240,228,218,222.8,208,223.29,164.18,199.48,165.19,189.9,283,2.18,9.09,NaN,5.48,27.9,121.5,hydrophobic,aromatic,F,neutral,nonpolar,None,2.8,-1.09,-1.82,-1.47,-0.97,-1.13,-1.22,-1.06,-0.9,-1.91,-1.22,-1.38,-1.43,-1.3
proline,P,PRO,None,None,None,None,None,None,159,154,143,146.8,135,144.8,106.44,136.13,115.13,112.7,221,1.95,10.47,NaN,6.3,1622,82.76,neutral,aliphatic,P,neutral,nonpolar,None,-1.6,0.91,0.59,0.91,0.67,0.38,-0.12,-0.25,0.27,0.77,0.11,-0.23,-1.13,0.24
serine,S,SER,None,None,None,None,None,None,155,143,122,129.8,125,125.68,69.08,116.5,105.09,89,228,2.13,9.05,NaN,5.68,250,60.62,neutral,hydroxyl,hydroxyl,neutral,polar,donor/acceptor,-0.8,-0.18,0.23,-0.18,0.72,0.11,0.18,-0.41,-0.02,0.57,0.27,-0.03,0.35,0.13
threonine,T,THR,None,None,None,None,None,None,172,163,146,152.5,144,148.06,88.62,139.27,119.12,116.1,256,2.2,8.96,NaN,5.6,98.1,76.9,neutral,hydroxyl,hydroxyl,neutral,polar,donor/acceptor,-0.7,-0.43,0.1,-0.35,-0.35,0.07,0.05,-0.54,0.12,0.15,-0.1,-0.16,0.33,-0.09
tryptophan,W,TRP,None,None,None,None,None,None,285,264,259,266.3,249,265.42,209.62,249.36,204.23,227.8,289,2.38,9.34,NaN,5.89,13.2,143.8,hydrophobic,aromatic,W,neutral,nonpolar,donor,-0.9,-0.6,-0.66,-0.4,-1.24,0.14,-0.83,-0.69,-0.6,-0.39,-1.7,-1.61,-0.63,-0.77
tyrosine,Y,TYR,None,None,None,TYM,None,None,263,255,229,236.8,227,238.3,180.03,212.76,181.19,193.6,343,2.24,9.04,10.1,5.66,0.46,NaN,neutral,aromatic,Y,neutral,polar,donor/acceptor,-1.3,-0.3,-0.4,-0.63,-0.13,0.28,-0.27,-0.14,0.42,-0.11,-1.11,-0.76,-0.94,-0.34
valine,V,VAL,None,None,None,None,None,None,174,165,160,164.5,149,162.24,103.12,151.44,117.15,140,315,2.27,9.52,NaN,5.96,88,90.75,hydrophobic,aliphatic,aliphatic,neutral,nonpolar,None,4.2,-1.08,-0.75,-0.95,-1.06,-1.61,-1.11,-0.83,-1.04,-1.11,-0.68,-0.6,-0.8,-0.97
